{"cameraMode":{"drawMode":0,"name":"Shaded","section":"Shading Mode"},"sceneLighting":true,"audioPlay":false,"sceneViewState":{"m_AlwaysRefresh":false,"showFog":true,"showSkybox":true,"showFlares":true,"showImageEffects":true,"showParticleSystems":true,"showVisualEffectGraphs":true,"m_FxEnabled":true},"in2DMode":false,"pivot":{"x":-0.052150145173072818,"y":3.8423080444335939,"z":-1.7612203359603882},"rotation":{"x":-0.0019574053585529329,"y":0.9893460869789124,"z":-0.14497438073158265,"w":-0.013357136398553849},"size":4.8911614418029789,"orthographic":true}