{"cameraMode":{"drawMode":0,"name":"Shaded","section":"Shading Mode"},"sceneLighting":true,"audioPlay":false,"sceneViewState":{"m_AlwaysRefresh":false,"showFog":true,"showSkybox":true,"showFlares":true,"showImageEffects":true,"showParticleSystems":true,"showVisualEffectGraphs":true,"m_FxEnabled":true},"in2DMode":false,"pivot":{"x":-1.7958959341049195,"y":3.6351754665374758,"z":25.96227264404297},"rotation":{"x":0.0001619910472072661,"y":0.9998366832733154,"z":-0.013498615473508835,"w":0.011998617090284825},"size":4.2470703125,"orthographic":true}